pagina,clasificacion
1,No detectado
2,No detectado
3,No detectado
4,No detectado
5,No detectado
6,No detectado
7,"Regional: bogota, altillanos, llano"
8,No detectado
9,No detectado
10,"Regional: bogota, altillanos, llano"
11,"Regional: bogota, altillanos, llano"
12,"Regional: bogota, altillanos, llano"
13,No detectado
14,No detectado
15,No detectado
16,No detectado
17,No detectado
18,No detectado
19,No detectado
20,Regional: costa
21,Regional: costa
22,No detectado
23,Regional: tunja
24,No detectado
25,No detectado
26,No detectado
27,No detectado
28,No detectado
29,No detectado
30,No detectado
31,No detectado
32,No detectado
33,No detectado
34,No detectado
35,No detectado
36,No detectado
37,No detectado
38,No detectado
39,No detectado
40,No detectado
41,Regional: costa
42,No detectado
43,No detectado
44,No detectado
45,No detectado
46,No detectado
47,Regional: costa
48,No detectado
49,Nacional (todos los clientes)
50,Nacional (todos los clientes)
51,No detectado
52,"Regional: altillanos, antioquia, llano"
53,"Regional: altillanos, llano"
54,No detectado
55,Nacional (todos los clientes)
56,No detectado
57,No detectado
58,No detectado
59,No detectado
60,No detectado
61,No detectado
62,No detectado
63,Nacional (todos los clientes)
64,Nacional (todos los clientes)
65,Nacional (todos los clientes)
66,Nacional (todos los clientes)
67,Nacional (todos los clientes)
68,No detectado
69,Nacional (todos los clientes)
70,No detectado
71,No detectado
72,No detectado
73,No detectado
74,No detectado
75,No detectado
76,Regional: medellin
77,Regional: sur
78,Regional: cali
79,"Regional: bogota, medellin"
80,No detectado
81,No detectado
82,No detectado
83,No detectado
84,Regional: sur
85,No detectado
86,No detectado
87,No detectado
88,No detectado
89,No detectado
90,No detectado
91,No detectado
92,No detectado
93,No detectado
94,No detectado
95,No detectado
96,No detectado
97,No detectado
98,No detectado
99,No detectado
100,No detectado
101,No detectado
102,No detectado
103,No detectado
104,No detectado
105,Nacional (todos los clientes)
106,Nacional (todos los clientes)
107,Nacional (todos los clientes)
108,No detectado
109,No detectado
110,No detectado
111,No detectado
112,No detectado
113,No detectado
114,No detectado
115,No detectado
116,No detectado
117,No detectado
118,No detectado
119,No detectado
120,No detectado
121,No detectado
122,No detectado
123,No detectado
124,No detectado
125,No detectado
126,No detectado
127,No detectado
128,No detectado
129,No detectado
130,No detectado
131,No detectado
132,No detectado
133,No detectado
134,No detectado
135,No detectado
136,No detectado
137,No detectado
138,Regional: cali
139,No detectado
140,No detectado
141,Regional: cali
142,No detectado
143,No detectado
144,No detectado
145,No detectado
146,No detectado
147,No detectado
148,No detectado
149,No detectado
150,No detectado
151,No detectado
152,Regional: cali
153,Regional: cali
154,No detectado
155,No detectado
156,No detectado
157,No detectado
158,No detectado
159,No detectado
160,No detectado
161,No detectado
162,No detectado
163,No detectado
164,No detectado
165,No detectado
166,No detectado
167,No detectado
168,No detectado
169,No detectado
170,No detectado
171,No detectado
172,No detectado
173,No detectado
174,No detectado
175,No detectado
176,No detectado
177,No detectado
178,No detectado
179,No detectado
180,No detectado
181,No detectado
182,No detectado
183,No detectado
184,No detectado
185,No detectado
186,No detectado
187,No detectado
188,No detectado
189,No detectado
190,No detectado
191,No detectado
192,No detectado
193,No detectado
194,No detectado
195,No detectado
196,No detectado
197,No detectado
198,No detectado
199,No detectado
200,No detectado
201,No detectado
202,No detectado
203,No detectado
204,No detectado
205,No detectado
206,Nacional (todos los clientes)
207,Nacional (todos los clientes)
208,No detectado
209,Nacional (todos los clientes)
210,No detectado
211,Regional: cali
212,No detectado
213,No detectado
214,No detectado
215,No detectado
216,No detectado
217,No detectado
218,No detectado
219,No detectado
220,No detectado
221,No detectado
222,No detectado
223,No detectado
224,No detectado
225,No detectado
226,No detectado
227,No detectado
228,No detectado
229,No detectado
230,No detectado
231,No detectado
232,No detectado
233,No detectado
234,No detectado
235,No detectado
236,No detectado
237,No detectado
238,No detectado
239,Regional: bogota
240,No detectado
241,No detectado
242,No detectado
243,No detectado
244,No detectado
245,No detectado
246,No detectado
247,No detectado
248,No detectado
249,No detectado
250,No detectado
251,No detectado
252,No detectado
253,No detectado
254,No detectado
255,No detectado
256,No detectado
257,No detectado
258,No detectado
259,No detectado
260,No detectado
261,Regional: cali
262,No detectado
263,No detectado
264,No detectado
265,No detectado
266,No detectado
267,No detectado
268,No detectado
269,No detectado
270,No detectado
271,No detectado
272,No detectado
273,No detectado
274,No detectado
275,No detectado
276,No detectado
277,No detectado
278,No detectado
279,No detectado
280,No detectado
281,No detectado
282,No detectado
283,No detectado
284,No detectado
285,No detectado
286,No detectado
287,No detectado
288,No detectado
289,Regional: sur
290,No detectado
291,No detectado
292,No detectado
293,No detectado
294,No detectado
295,No detectado
296,No detectado
297,No detectado
298,No detectado
299,No detectado
300,No detectado
301,No detectado
302,No detectado
303,No detectado
304,No detectado
305,No detectado
306,No detectado
307,No detectado
308,No detectado
309,No detectado
310,No detectado
311,No detectado
312,No detectado
313,No detectado
314,No detectado
315,No detectado
316,No detectado
317,No detectado
318,No detectado
319,No detectado
320,No detectado
321,No detectado
322,No detectado
323,No detectado
324,No detectado
325,No detectado
326,No detectado
327,No detectado
328,No detectado
329,No detectado
330,No detectado
331,No detectado
332,No detectado
333,No detectado
334,No detectado
335,No detectado
336,No detectado
337,Regional: santander
338,Regional: santander
339,No detectado
340,No detectado
341,No detectado
342,No detectado
343,No detectado
344,No detectado
345,No detectado
346,No detectado
347,No detectado
348,Nacional (todos los clientes)
349,No detectado
350,No detectado
351,No detectado
352,No detectado
353,No detectado
354,No detectado
355,No detectado
356,No detectado
357,No detectado
358,No detectado
359,Nacional (todos los clientes)
360,No detectado
361,No detectado
362,No detectado
363,No detectado
364,No detectado
365,No detectado
366,No detectado
367,No detectado
368,Regional: sur
369,No detectado
370,No detectado
371,No detectado
372,No detectado
373,No detectado
374,No detectado
375,No detectado
376,No detectado
377,No detectado
378,No detectado
379,No detectado
380,No detectado
381,No detectado
382,No detectado
383,No detectado
384,No detectado
385,No detectado
386,Regional: sur
387,No detectado
388,No detectado
389,No detectado
390,No detectado
391,No detectado
392,No detectado
393,No detectado
394,No detectado
395,No detectado
396,No detectado
397,No detectado
398,No detectado
