archivo,pagina,apariciones
pag001_e940c6b5.jpg,1,1
pag001_9ccb7983.jpg,1,1
pag001_4ed0fa34.jpg,1,1
pag001_b4988524.jpg,1,1
pag001_5c20c6fd.jpg,1,1
pag001_10ce08e8.jpg,1,1
pag001_cf6b65bc.jpg,1,1
pag001_3d037ed9.jpg,1,1
pag001_2636e65e.jpg,1,1
pag001_d21ecf3d.jpg,1,1
pag002_a69b7d1b.jpg,2,1
pag002_1128d850.jpg,2,1
pag002_2e5d2da6.jpg,2,1
pag002_d7ba7e15.jpg,2,1
pag002_ea6b3477.jpg,2,1
pag002_b2a0cbee.jpg,2,1
pag002_378d2cce.jpg,2,1
pag004_fbdba656.jpg,4,1
pag005_0079784a.jpg,5,1
pag006_947df5f4.jpg,6,1
pag007_10920573.jpg,7,1
pag008_5c06263c.jpg,8,1
pag009_ba906872.jpg,9,1
pag010_0dd0123d.jpg,10,1
pag011_0e4747d0.jpg,11,1
pag012_b1e85ab0.jpg,12,1
pag013_e0e7a972.jpg,13,1
pag014_21b8aac2.jpg,14,1
pag015_debdbca0.jpg,15,1
pag016_c5be715a.jpg,16,1
pag017_21fb35ae.jpg,17,1
pag018_d478caf5.jpg,18,2
pag019_c01a616d.jpg,19,1
pag020_6832ab5f.jpg,20,1
pag021_8b63d86c.jpg,21,1
pag022_b90c7588.jpg,22,1
pag023_341abd65.jpg,23,1
pag024_b08c877e.jpg,24,1
pag025_b5c74857.jpg,25,1
pag025_09e7c949.jpg,25,1
pag026_d2b13b54.jpg,26,1
pag027_d6197df7.jpg,27,1
pag028_92120f0a.jpg,28,1
pag029_a777b741.jpg,29,1
pag030_7992a53c.jpg,30,1
pag031_e3b3b1fd.jpg,31,1
pag032_9703da56.jpg,32,1
pag033_09ab039a.jpg,33,1
pag034_d7c85415.jpg,34,1
pag035_c70731f2.jpg,35,1
pag037_f139ceec.jpg,37,1
pag038_fd1a9111.jpg,38,1
pag039_d43492c4.jpg,39,1
pag040_90bf2bd3.jpg,40,1
pag041_8bb5d6d5.jpg,41,1
pag042_b1225108.jpg,42,1
pag043_e3d1f63b.jpg,43,1
pag045_9248314a.jpg,45,1
pag046_3b8ad593.jpg,46,1
pag047_c1ee5af0.jpg,47,1
pag048_54667d91.jpg,48,1
pag049_a3eed4cf.jpg,49,1
pag050_9b39e3d8.jpg,50,1
pag051_606a7e95.jpg,51,1
pag052_cc1ea9fd.jpg,52,1
pag053_e2fd900e.jpg,53,1
pag054_8d193a20.jpg,54,1
pag055_fe9fe5d1.jpg,55,1
pag056_60617981.jpg,56,1
pag057_36bb7357.jpg,57,1
pag058_fdbda406.jpg,58,1
pag059_cbf498d8.jpg,59,1
pag060_65851a1f.jpg,60,1
pag061_f085d072.jpg,61,1
pag062_89a30233.jpg,62,1
pag063_06784efe.jpg,63,1
pag064_714d95cd.jpg,64,1
pag065_62003645.jpg,65,1
pag066_3d16294a.jpg,66,1
pag067_027ad80b.jpg,67,1
pag068_625f64e3.jpg,68,1
pag069_e28adf0d.jpg,69,1
pag070_df560bae.jpg,70,1
pag071_72eda224.jpg,71,1
pag072_31f9f72c.jpg,72,1
pag073_155d4534.jpg,73,1
pag074_13d8479f.jpg,74,1
pag075_3d315b41.jpg,75,1
pag076_3e6a0330.jpg,76,1
pag077_2593cdce.jpg,77,1
pag078_7115824c.jpg,78,1
pag079_02bae1c3.jpg,79,1
pag080_5d8f2575.jpg,80,1
pag081_2c41a300.jpg,81,1
pag083_316507be.jpg,83,3
pag083_3f168739.jpg,83,1
pag084_ca589a1d.jpg,84,1
pag085_32199d45.jpg,85,1
pag086_7349d07d.jpg,86,1
pag087_c4714a8c.jpg,87,1
pag088_86c5f7d3.jpg,88,1
pag089_36605ae4.jpg,89,1
pag090_5b90904b.jpg,90,1
pag091_6f186ef9.jpg,91,1
pag092_6c210002.jpg,92,1
pag093_eefdb913.jpg,93,1
pag094_0cf3e9d3.jpg,94,1
pag095_452b8396.jpg,95,1
pag096_a8c60d49.jpg,96,1
pag097_2867e4fa.jpg,97,1
pag098_30aad73c.jpg,98,1
pag099_6795f214.jpg,99,1
pag100_662b7f3b.jpg,100,1
pag101_465d859f.jpg,101,1
pag102_3eeec067.jpg,102,1
pag103_76a9880a.jpg,103,1
pag104_00aa1021.jpg,104,1
pag105_593c2129.jpg,105,1
pag106_24377948.jpg,106,1
pag107_5ed3d66d.jpg,107,1
pag108_fa27cc31.jpg,108,1
pag109_f7474bfb.jpg,109,1
pag110_c4921bd6.jpg,110,1
pag111_11586bb4.jpg,111,1
pag112_18eee3f6.jpg,112,1
pag113_41bd6916.jpg,113,1
pag114_31219f41.jpg,114,1
pag115_7d4a22d0.jpg,115,1
pag116_9eacd175.jpg,116,1
pag117_7115e24a.jpg,117,1
pag118_41757c9d.jpg,118,1
pag119_e4b360eb.jpg,119,1
pag120_ffb03f92.jpg,120,1
pag121_8804b313.jpg,121,2
pag122_06ca0b75.jpg,122,2
pag123_aa73d5da.jpg,123,1
pag124_b9cbee6f.jpg,124,1
pag125_cb3c231a.jpg,125,1
pag126_69cc7da7.jpg,126,3
pag126_decf1c87.jpg,126,3
pag126_419dab5e.jpg,126,1
pag126_588bf0e5.jpg,126,1
pag127_72e134b7.jpg,127,1
pag128_4f01d858.jpg,128,1
pag129_8b38ec05.jpg,129,1
pag129_b5a2d830.jpg,129,1
pag129_3682ee30.jpg,129,1
pag129_13ab36cd.jpg,129,1
pag130_3d00e6c0.jpg,130,1
pag130_33a4845d.jpg,130,1
pag130_4ee93012.jpg,130,1
pag130_dcf2edbd.jpg,130,1
pag131_ae4d3b5a.jpg,131,1
pag132_3cff9f14.jpg,132,1
pag133_71e40fc6.jpg,133,1
pag133_53ff21e5.jpg,133,1
pag133_306895e9.jpg,133,1
pag133_e0613b51.jpg,133,1
pag134_7a487fca.jpg,134,1
pag135_b3a76591.jpg,135,1
pag136_37359af2.jpg,136,1
pag137_47957892.jpg,137,1
pag138_3a1f9985.jpg,138,1
pag139_ffa6d6c5.jpg,139,1
pag140_7aeee90e.jpg,140,1
pag141_9ddefaed.jpg,141,1
pag142_ddaba049.jpg,142,1
pag142_fa37afd4.jpg,142,1
pag142_52167b9a.jpg,142,1
pag142_7f3050e7.jpg,142,1
pag142_abc88ebe.jpg,142,1
pag143_04660477.jpg,143,1
pag143_1620df7f.jpg,143,1
pag143_dfb84bab.jpg,143,1
pag143_934a12f7.jpg,143,1
pag144_87741c27.jpg,144,1
pag145_e5a061a6.jpg,145,1
pag146_eec12e66.jpg,146,1
pag147_55783a71.jpg,147,1
pag148_369a586d.jpg,148,1
pag149_a92f948b.jpg,149,1
pag150_56453a2f.jpg,150,1
pag151_ed594e49.jpg,151,1
pag152_90127572.jpg,152,1
pag153_15080465.jpg,153,1
pag154_6fc31213.jpg,154,1
pag155_df8618a4.jpg,155,1
pag156_8f3d1fb3.jpg,156,1
pag157_45f6ac45.jpg,157,1
pag158_16c92256.jpg,158,1
pag158_24e587a5.jpg,158,1
pag159_b450bfcc.jpg,159,1
pag160_4c353763.jpg,160,2
pag160_7eb5efdd.jpg,160,1
pag161_35afc0e5.jpg,161,1
pag161_aa3d13d0.jpg,161,1
pag162_1fcacccd.jpg,162,1
pag162_fa965f8f.jpg,162,1
pag163_2b9794cb.jpg,163,1
pag164_1a0ff586.jpg,164,1
pag164_d1fa5af7.jpg,164,1
pag165_1813ab34.jpg,165,1
pag165_17f6696c.jpg,165,1
pag165_3bc92071.jpg,165,1
pag165_1c1bcbed.jpg,165,1
pag166_1601a64a.jpg,166,1
pag166_2984a010.jpg,166,1
pag166_4477d001.jpg,166,1
pag167_befa5a31.jpg,167,1
pag167_b18dc100.jpg,167,1
pag167_3e78e898.jpg,167,2
pag167_88f18178.jpg,167,1
pag167_8e769fc3.jpg,167,1
pag167_a2bd9929.jpg,167,1
pag168_cead1aac.jpg,168,1
pag168_5ceb9556.jpg,168,1
pag168_002ddebf.jpg,168,1
pag168_d7e84d9b.jpg,168,1
pag168_9234fc77.jpg,168,1
pag169_5e30c18e.jpg,169,1
pag169_e75bb9b9.jpg,169,1
pag169_be3a8d9d.jpg,169,1
pag169_bccb4e01.jpg,169,1
pag169_da0c1112.jpg,169,1
pag169_21943427.jpg,169,1
pag170_f9a77d46.jpg,170,1
pag171_984201c9.jpg,171,1
pag171_b950b43f.jpg,171,1
pag171_e432a56b.jpg,171,1
pag172_a52ac157.jpg,172,1
pag172_6c84120c.jpg,172,1
pag173_8ae5a7b7.jpg,173,1
pag173_deae2c69.jpg,173,1
pag174_405c7cb9.jpg,174,1
pag174_7e5b1b1b.jpg,174,1
pag174_9a3fa3ec.jpg,174,1
pag174_91b7b0d5.jpg,174,1
pag175_81e5669e.jpg,175,1
pag175_edcbdbe2.jpg,175,1
pag175_4ddbd4cc.jpg,175,1
pag176_39356d4a.jpg,176,1
pag177_26661ce3.jpg,177,1
pag178_cec710c9.jpg,178,1
pag179_8b955f17.jpg,179,1
pag180_a217a6c8.jpg,180,1
pag181_612d2ae4.jpg,181,1
pag182_351e34b6.jpg,182,1
pag183_04241399.jpg,183,1
pag184_c4e00304.jpg,184,1
pag185_4c1d9b82.jpg,185,1
pag186_f10c24ab.jpg,186,1
pag187_78fc57b5.jpg,187,1
pag188_fec44492.jpg,188,1
pag188_524208b2.jpg,188,1
pag188_31046dc6.jpg,188,1
pag188_c029f449.jpg,188,1
pag189_acfeae72.jpg,189,1
pag189_43c155b5.jpg,189,1
pag190_87a43368.jpg,190,1
pag190_5c2a364f.jpg,190,1
pag190_360c9d25.jpg,190,1
pag190_ab0d7d64.jpg,190,1
pag190_3f9184b2.jpg,190,3
pag190_ea13cae6.jpg,190,1
pag191_291f34e7.jpg,191,1
pag192_bb22e8b0.jpg,192,1
pag192_b6a026cf.jpg,192,1
pag192_d5972567.jpg,192,1
pag192_150e7495.jpg,192,1
pag192_55cd3022.jpg,192,1
pag193_16f8072a.jpg,193,1
pag193_c1eaee7a.jpg,193,1
pag193_2368cad4.jpg,193,1
pag194_9cb378a6.jpg,194,1
pag195_20acee03.jpg,195,1
pag195_97b11808.jpg,195,1
pag196_250e94d8.jpg,196,1
pag197_5c9990c8.jpg,197,2
pag197_584982bc.jpg,197,1
pag197_26319425.jpg,197,1
pag197_3aa3231d.jpg,197,1
pag198_ff0cf4cc.jpg,198,1
pag198_83927c8c.jpg,198,1
pag199_ae0d0769.jpg,199,1
pag200_5b348e87.jpg,200,1
pag200_cd0ee834.jpg,200,1
pag200_5ba785a4.jpg,200,1
pag201_8319a090.jpg,201,1
pag201_d4bd9b9d.jpg,201,1
pag201_5be5cda6.jpg,201,1
pag201_7cf3d5a1.jpg,201,1
pag201_54b14700.jpg,201,1
pag202_abb51756.jpg,202,1
pag202_2109e083.jpg,202,1
pag202_0ea4d9f3.jpg,202,1
pag203_98212ec2.jpg,203,2
pag203_53c1d887.jpg,203,1
pag203_fb8c6cd2.jpg,203,1
pag203_30be6807.jpg,203,1
pag204_0496b4b9.jpg,204,3
pag205_599b9b9d.jpg,205,1
pag206_600528cf.jpg,206,1
pag207_a896b449.jpg,207,1
pag208_60da8743.jpg,208,1
pag209_17f79566.jpg,209,1
pag210_42a46bd2.jpg,210,1
pag211_97c92b66.jpg,211,1
pag213_41625f54.jpg,213,1
pag214_2c80432b.jpg,214,1
pag214_b71376d9.jpg,214,1
pag214_2426b09c.jpg,214,2
pag214_68dea81a.jpg,214,1
pag215_0ccc1cac.jpg,215,1
pag216_6a16690f.jpg,216,1
pag217_655dd26c.jpg,217,1
pag218_8e050b3d.jpg,218,1
pag219_0c7c3157.jpg,219,1
pag220_a24751f8.jpg,220,1
pag220_f9ea4b83.jpg,220,1
pag220_d0b2c1d3.jpg,220,1
pag221_92a4b0bf.jpg,221,1
pag222_37ac988c.jpg,222,1
pag222_29683adb.jpg,222,1
pag222_397c97d7.jpg,222,3
pag223_d1d99543.jpg,223,1
pag223_43bb4b90.jpg,223,1
pag223_078ff8c0.jpg,223,1
pag223_3c908581.jpg,223,1
pag223_3d3a0d8e.jpg,223,1
pag223_535927c1.jpg,223,1
pag224_20eb3788.jpg,224,1
pag224_32ad6eb7.jpg,224,1
pag224_c2c960fd.jpg,224,1
pag224_574a9866.jpg,224,1
pag225_ed19f9f7.jpg,225,1
pag225_cefd464d.jpg,225,1
pag225_9765e12d.jpg,225,1
pag226_9ec5b2fa.jpg,226,1
pag226_c07269db.jpg,226,1
pag227_0266bac8.jpg,227,1
pag227_e833c56e.jpg,227,1
pag227_f24baf91.jpg,227,1
pag227_f84a02ec.jpg,227,4
pag227_be577343.jpg,227,1
pag228_d07e370a.jpg,228,1
pag228_50208a56.jpg,228,4
pag228_db1164d3.jpg,228,4
pag230_4471fd0f.jpg,230,3
pag232_10bc65e0.jpg,232,1
pag233_d3989e9d.jpg,233,2
pag233_32ddce20.jpg,233,2
pag234_15985a04.jpg,234,1
pag234_f89129c4.jpg,234,1
pag234_a45695c1.jpg,234,1
pag234_169754cb.jpg,234,1
pag234_f6bf1e9e.jpg,234,1
pag235_75ae1f3b.jpg,235,2
pag236_b123c966.jpg,236,1
pag237_02e28ba0.jpg,237,1
pag238_f43f3b9e.jpg,238,1
pag239_9c1805aa.jpg,239,1
pag240_876b58bf.jpg,240,1
pag241_8017bc5d.jpg,241,1
pag242_7725d11b.jpg,242,1
pag243_950fada2.jpg,243,1
pag244_c3494c4d.jpg,244,1
pag245_36067ed2.jpg,245,1
pag246_eda72114.jpg,246,1
pag247_40548760.jpg,247,1
pag247_880dc4f9.jpg,247,1
pag247_cdb055d4.jpg,247,1
pag248_1e26abe2.jpg,248,1
pag248_2a1d8f13.jpg,248,1
pag249_9ba57f89.jpg,249,1
pag249_9aea057d.jpg,249,1
pag249_62e2f8aa.jpg,249,1
pag249_2dfcfee8.jpg,249,1
pag250_52cdfe4b.jpg,250,1
pag250_99c1dff5.jpg,250,1
pag250_1cb94940.jpg,250,1
pag251_7df67824.jpg,251,1
pag251_7335ed11.jpg,251,1
pag251_6a3b6866.jpg,251,1
pag251_2a3602bb.jpg,251,1
pag252_a1fb11f0.jpg,252,1
pag254_bb4c3afa.jpg,254,1
pag255_01430081.jpg,255,1
pag255_6355a3ee.jpg,255,1
pag255_9c35656d.jpg,255,1
pag256_eab1776e.jpg,256,1
pag257_3c293e53.jpg,257,1
pag258_94081210.jpg,258,1
pag258_0d6a2630.jpg,258,1
pag258_394503e2.jpg,258,1
pag258_09a69230.jpg,258,1
pag258_aba1b45e.jpg,258,1
pag258_71d639d2.jpg,258,1
pag259_e0deb8c1.jpg,259,1
pag259_0ba75dbc.jpg,259,1
pag259_1ea3ff40.jpg,259,1
pag260_7cefd77f.jpg,260,1
pag260_232ca440.jpg,260,1
pag261_c621bb04.jpg,261,1
pag262_25f02ebb.jpg,262,1
pag262_6d14cb27.jpg,262,1
pag262_17e4919d.jpg,262,1
pag262_fcf8c5eb.jpg,262,1
pag263_262bbf47.jpg,263,1
pag263_be25c070.jpg,263,1
pag263_f6973986.jpg,263,1
pag263_f7e8cf23.jpg,263,1
pag263_ce44122f.jpg,263,1
pag264_c50e9652.jpg,264,1
pag264_ba4a16dd.jpg,264,1
pag264_1188f4df.jpg,264,1
pag266_4d4afdda.jpg,266,1
pag267_aeeb6b22.jpg,267,1
pag268_a580c545.jpg,268,1
pag268_94c13ba7.jpg,268,1
pag268_084538e5.jpg,268,1
pag268_315a2b51.jpg,268,1
pag269_d22b5ac7.jpg,269,1
pag269_ef8ab02f.jpg,269,1
pag270_9eb3a974.jpg,270,1
pag270_37bab84a.jpg,270,1
pag270_9764e58c.jpg,270,2
pag271_23d98281.jpg,271,1
pag272_aee55298.jpg,272,1
pag272_271e98df.jpg,272,1
pag272_5a399cc8.jpg,272,1
pag272_fc01b319.jpg,272,1
pag273_0a28e1ac.jpg,273,1
pag274_04254354.jpg,274,1
pag274_1395a9bf.jpg,274,1
pag274_2dc6a2f8.jpg,274,1
pag275_265868cb.jpg,275,1
pag275_1b2b15d4.jpg,275,1
pag276_1c03d15a.jpg,276,1
pag276_38c529b9.jpg,276,1
pag276_649310ff.jpg,276,1
pag279_200c5ff7.jpg,279,1
pag279_fd0c9525.jpg,279,1
pag279_8dff894b.jpg,279,1
pag280_3a3ebdde.jpg,280,1
pag280_6260f355.jpg,280,1
pag280_874ba45d.jpg,280,1
pag280_2fb902c5.jpg,280,1
pag281_a2eab83e.jpg,281,1
pag281_057def85.jpg,281,1
pag281_97284786.jpg,281,1
pag281_a4bfb6c5.jpg,281,1
pag283_af565f25.jpg,283,1
pag283_9e99e83c.jpg,283,1
pag283_dad849e9.jpg,283,1
pag283_cce51393.jpg,283,1
pag284_b9f3cf38.jpg,284,1
pag284_a284c763.jpg,284,1
pag284_96b400af.jpg,284,1
pag284_babdc4e6.jpg,284,1
pag285_54a86f1f.jpg,285,1
pag285_fcd2db55.jpg,285,1
pag285_f3f768b3.jpg,285,1
pag285_1101c1aa.jpg,285,1
pag286_959d4d60.jpg,286,1
pag287_ddc28a9f.jpg,287,1
pag288_35713e42.jpg,288,1
pag288_f31612af.jpg,288,1
pag288_4a82f73d.jpg,288,1
pag288_52cfb1c8.jpg,288,1
pag289_f8376490.jpg,289,1
pag289_bec686c8.jpg,289,1
pag289_9d1060ee.jpg,289,1
pag289_59fc3bc9.jpg,289,1
pag290_86e94a62.jpg,290,1
pag290_413e6341.jpg,290,1
pag290_00b2bd55.jpg,290,1
pag291_3526b3a0.jpg,291,3
pag292_4fb8c574.jpg,292,1
pag292_2301cf3c.jpg,292,1
pag292_062ee61e.jpg,292,1
pag293_ed8711e1.jpg,293,1
pag293_2662efb4.jpg,293,1
pag293_cfdc5e76.jpg,293,1
pag293_54542cfa.jpg,293,1
pag294_a9b1a3a3.jpg,294,1
pag294_55dcdb5d.jpg,294,1
pag294_5c5798e4.jpg,294,1
pag294_a65f4cd7.jpg,294,1
pag295_224096f1.jpg,295,1
pag295_375bbdf0.jpg,295,1
pag296_cc3fe2f9.jpg,296,1
pag296_e79dde4d.jpg,296,1
pag297_3f8b9ac5.jpg,297,1
pag297_509fdb98.jpg,297,1
pag297_b0f83046.jpg,297,1
pag298_110fb872.jpg,298,1
pag298_e9d9d843.jpg,298,1
pag298_dd2e7441.jpg,298,1
pag299_dc299ced.jpg,299,1
pag300_a24b58f4.jpg,300,1
pag302_c290c1e0.jpg,302,1
pag302_86d1b4ba.jpg,302,1
pag302_76ec5b0b.jpg,302,1
pag302_3114a234.jpg,302,1
pag303_ce5ed069.jpg,303,1
pag303_e76c2e88.jpg,303,1
pag304_cc636c37.jpg,304,1
pag305_3961257a.jpg,305,1
pag305_d5f9ec22.jpg,305,1
pag305_ebd57a98.jpg,305,1
pag306_77e1b16c.jpg,306,1
pag307_25b0377a.jpg,307,1
pag307_0a68a1c4.jpg,307,1
pag308_36683cb8.jpg,308,1
pag308_9edfd608.jpg,308,1
pag309_c24cb04c.jpg,309,1
pag310_83218305.jpg,310,1
pag310_8b3ea8c7.jpg,310,1
pag311_d52781eb.jpg,311,1
pag312_13084d71.jpg,312,1
pag312_f2574c25.jpg,312,1
pag312_3edd2ff0.jpg,312,1
pag313_29480cd7.jpg,313,1
pag313_421481db.jpg,313,1
pag314_df5d8afc.jpg,314,1
pag314_d306fa87.jpg,314,1
pag315_28111612.jpg,315,1
pag315_3a4e1254.jpg,315,1
pag315_241881a6.jpg,315,1
pag316_1f85c409.jpg,316,1
pag317_7fcbf132.jpg,317,1
pag317_d61cb9e0.jpg,317,1
pag318_c0912429.jpg,318,1
pag319_f4cea4ec.jpg,319,2
pag320_cf13f8cb.jpg,320,1
pag321_50333fcd.jpg,321,1
pag322_6c5f8587.jpg,322,1
pag323_fcca6574.jpg,323,1
pag324_e1610436.jpg,324,4
pag324_17aa3ea9.jpg,324,1
pag324_87d2e96c.jpg,324,1
pag324_34311dc8.jpg,324,1
pag324_b466edee.jpg,324,1
pag325_1f2a4254.jpg,325,1
pag325_ba939ad6.jpg,325,1
pag325_562c9109.jpg,325,1
pag326_49c02361.jpg,326,1
pag326_7e500739.jpg,326,1
pag326_79ffcbb6.jpg,326,1
pag327_e3dd4f6a.jpg,327,1
pag327_827bd282.jpg,327,1
pag327_fb94c1f9.jpg,327,1
pag327_89848b3b.jpg,327,1
pag328_923bef94.jpg,328,1
pag329_448bec4a.jpg,329,1
pag330_a30f7d6c.jpg,330,1
pag331_36cdae91.jpg,331,1
pag332_416435fa.jpg,332,1
pag333_06b9fac5.jpg,333,1
pag333_311075cd.jpg,333,1
pag333_7a533b78.jpg,333,1
pag333_439a0666.jpg,333,1
pag333_a8f77e62.jpg,333,1
pag333_407f037a.jpg,333,1
pag333_be62520d.jpg,333,1
pag334_ffc3786e.jpg,334,1
pag334_97dde431.jpg,334,1
pag335_c5881bf7.jpg,335,1
pag335_26d4b88c.jpg,335,1
pag335_d2be6f71.jpg,335,1
pag335_6c3f6257.jpg,335,1
pag335_7e0804f4.jpg,335,1
pag336_4b09258d.jpg,336,1
pag336_dea3c05c.jpg,336,1
pag336_ac04b34d.jpg,336,1
pag336_4574dd0b.jpg,336,1
pag337_a640eb09.jpg,337,1
pag338_3457a9dc.jpg,338,1
pag338_c4cf8f16.jpg,338,1
pag338_852464c9.jpg,338,1
pag339_403e2935.jpg,339,1
pag339_040a268f.jpg,339,1
pag340_29d15b65.jpg,340,1
pag342_cd6de07f.jpg,342,1
pag342_9a656427.jpg,342,1
pag342_f0d2ced4.jpg,342,1
pag343_a901aaa7.jpg,343,2
pag343_1d8bd86f.jpg,343,1
pag343_152bdcc4.jpg,343,1
pag344_7871d2cb.jpg,344,1
pag344_f1969df6.jpg,344,1
pag345_13035f6d.jpg,345,1
pag345_efd6db8b.jpg,345,1
pag345_b5959d70.jpg,345,1
pag345_0411f6d5.jpg,345,1
pag346_f27b20c3.jpg,346,1
pag347_19fb5dda.jpg,347,1
pag348_41c65226.jpg,348,1
pag349_1acecae9.jpg,349,1
pag350_6eeabda4.jpg,350,1
pag351_468e147f.jpg,351,1
pag351_bbc503d8.jpg,351,1
pag351_d194508c.jpg,351,1
pag351_592882d8.jpg,351,1
pag352_9e19c248.jpg,352,1
pag353_b57e6ba9.jpg,353,1
pag354_532ef00e.jpg,354,1
pag355_24a1d24e.jpg,355,1
pag355_3c041d0b.jpg,355,1
pag355_70b5f19a.jpg,355,1
pag356_0b9a6d34.jpg,356,1
pag356_79008489.jpg,356,1
pag356_f3668270.jpg,356,1
pag356_806d5b39.jpg,356,1
pag357_eadd636c.jpg,357,1
pag357_4aab14a2.jpg,357,1
pag357_905be522.jpg,357,1
pag358_08c634a7.jpg,358,1
pag358_8a8146e8.jpg,358,1
pag358_ca96fc1a.jpg,358,1
pag359_bd25bf24.jpg,359,1
pag360_ecbd3749.jpg,360,2
pag360_24213a46.jpg,360,1
pag360_89ebde79.jpg,360,1
pag361_67230573.jpg,361,1
pag361_21a9886c.jpg,361,1
pag361_0553a16f.jpg,361,1
pag362_721de31c.jpg,362,1
pag362_070665be.jpg,362,1
pag363_b59d2ad2.jpg,363,1
pag363_352a24fc.jpg,363,1
pag364_e0235db1.jpg,364,1
pag364_cdb832a7.jpg,364,1
pag364_aaff5289.jpg,364,1
pag365_50d14c60.jpg,365,1
pag365_034ab196.jpg,365,1
pag366_6f42c85e.jpg,366,2
pag367_83de85c1.jpg,367,1
pag368_f5275028.jpg,368,1
pag369_15588262.jpg,369,1
pag369_27873b5f.jpg,369,1
pag369_68744505.jpg,369,1
pag369_d048ce49.jpg,369,1
pag369_11963b1b.jpg,369,1
pag370_faed3cbc.jpg,370,1
pag370_1fc5af03.jpg,370,1
pag370_15a4686c.jpg,370,1
pag370_da160c4d.jpg,370,1
pag371_3f98a738.jpg,371,1
pag371_17fecbf6.jpg,371,1
pag371_c537d6aa.jpg,371,1
pag371_8ec20ce8.jpg,371,1
pag372_3143f8c8.jpg,372,1
pag373_24f6944a.jpg,373,1
pag374_3bad2473.jpg,374,1
pag374_255f3b03.jpg,374,1
pag374_a1d3974c.jpg,374,1
pag375_e3672f3c.jpg,375,1
pag375_e004f5d1.jpg,375,1
pag375_47755bb3.jpg,375,1
pag375_d67fc40f.jpg,375,1
pag376_118bdbad.jpg,376,1
pag376_98d30e2d.jpg,376,1
pag376_c23605eb.jpg,376,1
pag377_b40c2536.jpg,377,1
pag378_357fbbfd.jpg,378,1
pag379_d150fbce.jpg,379,2
pag379_437e8314.jpg,379,2
pag379_d89f44d6.jpg,379,2
pag379_0355f0cc.jpg,379,2
pag379_299c8312.jpg,379,1
pag379_21f55095.jpg,379,1
pag379_82bbb783.jpg,379,1
pag380_a0257f5e.jpg,380,1
pag380_5f971a11.jpg,380,1
pag380_a1d31129.jpg,380,1
pag381_1edf2ef8.jpg,381,2
pag381_536884fb.jpg,381,1
pag381_10f44f2d.jpg,381,1
pag382_046a631b.jpg,382,1
pag382_465aa560.jpg,382,1
pag382_fa575ff2.jpg,382,1
pag382_44806919.jpg,382,3
pag383_11ec5231.jpg,383,1
pag383_f5461e0e.jpg,383,1
pag383_655ee147.jpg,383,2
pag383_c0ec6eac.jpg,383,1
pag383_987ee6bb.jpg,383,2
pag384_537c93f3.jpg,384,1
pag384_15376ae1.jpg,384,1
pag384_e9df1fc7.jpg,384,2
pag384_9bf44cf8.jpg,384,1
pag384_11dd4eee.jpg,384,1
pag385_d28f3e73.jpg,385,2
pag385_e06c9470.jpg,385,1
pag385_bd38d60c.jpg,385,1
pag385_22fc93c1.jpg,385,1
pag385_dde06c97.jpg,385,1
pag386_deb28b8d.jpg,386,1
pag386_44e29724.jpg,386,1
pag386_c463d54e.jpg,386,1
pag386_f3e4b135.jpg,386,1
pag386_582f6cb8.jpg,386,1
pag387_59909aa8.jpg,387,2
pag387_df0a19f7.jpg,387,1
pag387_0f9d2d8a.jpg,387,1
pag388_53da5145.jpg,388,1
pag388_47d59cc6.jpg,388,1
pag388_77416e9e.jpg,388,1
pag388_1aed817e.jpg,388,1
pag388_59467989.jpg,388,1
pag388_72d7aa6a.jpg,388,1
pag389_08064365.jpg,389,1
pag389_9dbcf9ac.jpg,389,1
pag389_40110193.jpg,389,1
pag390_fef412b5.jpg,390,1
pag391_cdb7104d.jpg,391,1
pag391_ae82acc4.jpg,391,1
pag391_f3f40494.jpg,391,1
pag391_2c72b3d8.jpg,391,1
pag391_d115c3c9.jpg,391,1
pag392_be0caae8.jpg,392,1
pag392_78abe82c.jpg,392,1
pag392_883b0429.jpg,392,1
pag392_422ee7ee.jpg,392,1
pag393_ed95fc32.jpg,393,1
pag394_b3181283.jpg,394,1
pag394_7090eee4.jpg,394,1
pag394_84300f5f.jpg,394,1
pag394_a33e2f5d.jpg,394,1
pag395_6c2cb3d0.jpg,395,2
pag395_6c0addcd.jpg,395,2
pag395_bfb14625.jpg,395,2
pag396_ff040f7b.jpg,396,2
pag396_d4617580.jpg,396,1
pag396_e29749d8.jpg,396,1
pag396_610cee37.jpg,396,1
pag397_0164e86f.jpg,397,1
pag397_334f1d13.jpg,397,1
pag397_df2f3b3d.jpg,397,1
pag398_c1678281.jpg,398,1
